player,team,position,passes,completed,expected,completion_rate,score
Griedge Mbock Bathy Nka,France,Right Center Back,147,139,123.5140967746533,0.9455782312925171,0.1053462804445354
Nicky Evrard,Belgium,Goalkeeper,98,83,73.08931593531182,0.8469387755102041,0.10112942923151211
Laura De Neve,Belgium,Left Center Back,139,118,104.99216774306409,0.8489208633093526,0.09358152702831594
Elena Linari,Italy,Left Center Back,148,137,123.51691767124449,0.9256756756756757,0.09110190762672647
Martina Rosucci,Italy,Left Defensive Midfield,100,85,76.37908001485891,0.85,0.08620919985141084
María Pilar León Cebrián,Spain,Left Center Back,352,319,292.6843233039533,0.90625,0.07476044515922352
Mary Alexandra Earps,England,Goalkeeper,77,67,61.474166936581106,0.8701298701298701,0.07176406575868689
Linda Brigitta Sembrant,Sweden,Right Center Back,79,69,63.77880772780956,0.8734177215189873,0.06609104142013218
Laura Giuliani,Italy,Goalkeeper,59,54,50.645612571929405,0.9152542372881356,0.056854024204586386
Glódís Perla Viggósdóttir,Iceland,Right Center Back,91,75,69.8328607915999,0.8241758241758241,0.05678174954285829
Aitana Bonmati Conca,Spain,Right Center Midfield,275,241,225.69864505268572,0.8763636363636363,0.05564129071750644
Lucia Di Guglielmo,Italy,Right Back,85,69,64.32919284663566,0.8117647058823529,0.054950672392521674
Frida Maanum,Norway,Right Defensive Midfield,114,103,96.82882895001907,0.9035087719298246,0.05413307938579764
Wendie Renard,France,Left Center Back,303,265,248.62388102670968,0.8745874587458746,0.05404659727158523
Jacqueline Burns,Northern Ireland,Goalkeeper,98,76,70.95488792492635,0.7755102040816326,0.05148073545993519
Daphne van Domselaar,Netherlands,Goalkeeper,65,61,57.68672597449568,0.9384615384615385,0.050973446546220325
Sherida Spitse,Netherlands,Left Defensive Midfield,174,154,145.2105835870523,0.8850574712643678,0.050513887430733984
Sandie Toletti,France,Left Defensive Midfield,158,135,127.03185434038336,0.8544303797468354,0.05043130164314331
Sara Däbritz,Germany,Right Center Midfield,180,149,139.93407787342102,0.8277777777777777,0.05036623403654986
Diana Catarina Ribeiro Gomes,Portugal,Right Center Back,129,107,100.76021764444201,0.8294573643410853,0.048370405857038674
Keira Walsh,England,Left Defensive Midfield,294,260,245.81130460493597,0.8843537414965986,0.048260868690694014
Patricia Guijarro Gutiérrez,Spain,Center Defensive Midfield,306,255,240.47048921676523,0.8333333333333334,0.04748206138312014
Flaminia Simonetti,Italy,Right Defensive Midfield,99,84,79.4512758213365,0.8484848484848485,0.04594670887538897
Marina Hegering,Germany,Left Center Back,289,244,231.1137367797394,0.8442906574394463,0.04458914609086706
Lynn Wilms,Netherlands,Right Back,159,121,114.02200078512435,0.7610062893081762,0.04388678751494124
Tatiana Vanessa Ferreira Pinto,Portugal,Left Center Midfield,66,56,53.119104119071935,0.8484848484848485,0.043649937589819124
Dolores Isabel Jacome Silva,Portugal,Center Defensive Midfield,56,49,46.717680350315604,0.875,0.04075570803007845
Aniek Nouwen,Netherlands,Left Center Back,62,51,48.4766006419886,0.8225806451612904,0.040699989645345186
Leah Williamson,England,Left Center Back,397,352,336.1203398659108,0.8866498740554156,0.03999914391458231
Olga  Carmona García,Spain,Left Back,69,53,50.29520008946015,0.7681159420289855,0.039199998703476034
Lia Wälti,Switzerland,Left Defensive Midfield,113,96,91.66531453910166,0.8495575221238938,0.03836004832653402
Stephanie van der Gragt,Netherlands,Right Center Back,200,174,166.3712474493193,0.87,0.03814376275340352
Onema Grace Geyoro,France,Right Center Midfield,138,121,115.73806332746896,0.8768115942028986,0.03812997588790602
Bethany Mead,England,Right Wing,103,85,81.07293464445706,0.8252427184466019,0.03812684811206735
Sandra Sigurðardóttir,Iceland,Goalkeeper,55,42,39.97081171821846,0.7636363636363637,0.036894332396028094
Gun Nathalie Björn,Sweden,Left Defensive Midfield,182,148,141.36346619106425,0.8131868131868132,0.03646447147766904
Alex Greenwood,England,Left Back,117,100,95.80417310003666,0.8547008547008547,0.035861768375754964
Sara Caroline Seger,Sweden,Left Defensive Midfield,100,89,85.50696848492849,0.89,0.03493031515071502
Francesca Kirby,England,Center Attacking Midfield,103,88,84.63812973414159,0.8543689320388349,0.03263951714425644
Leila Ouahabi El Ouahabi,Spain,Left Back,140,125,120.78442432010216,0.8928571428571429,0.03011125485641316
Noelle Maritz,Switzerland,Right Back,98,72,69.06584147541535,0.7346938775510204,0.02994039310800652
Jackie Groenen,Netherlands,Right Defensive Midfield,117,93,89.6392220471808,0.7948717948717948,0.028724597887343658
Pauline Peyraud Magnin,France,Goalkeeper,71,58,55.97668959432299,0.8169014084507042,0.028497329657422705
Luana Bühler,Switzerland,Left Center Back,100,87,84.16738494065851,0.87,0.028326150593414912
Magdalena Lilly Eriksson,Sweden,Left Center Back,153,120,115.71367823326942,0.7843137254901961,0.02801517494595146
Elisa Bartoli,Italy,Right Center Back,90,79,76.48543965351429,0.8777777777777778,0.027939559405396826
Natalia Kuikka,Finland,Left Center Back,84,68,65.69258313209401,0.8095238095238095,0.02746924842745217
Eve Perisset,France,Right Back,216,174,168.08206255919123,0.8055555555555556,0.027397858522262886
Guro Bergsvand,Norway,Left Center Back,95,85,82.49760534428698,0.8947368421052632,0.026340996375926583
Dominique Johanna Anna Petrone Janssen,Netherlands,Left Center Back,238,198,191.80937792251146,0.8319327731092437,0.02601101713230478
Victoria Pelova,Netherlands,Right Wing,54,44,42.67976545189037,0.8148148148148148,0.024448787927956208
Lisa Boattin,Italy,Left Back,118,95,92.15556257963092,0.8050847457627118,0.024105401867534553
Carina Wenninger,Austria,Right Center Back,128,99,95.92888762074149,0.7734375,0.02399306546295707
Ingrid Syrstad Engen,Norway,Left Defensive Midfield,131,106,102.85729502166936,0.8091603053435115,0.023990114338401897
Irene Paredes Hernandez,Spain,Right Center Back,319,271,263.5268783271693,0.8495297805642633,0.02342671370793331
Kathrin Julia Hendrich,Germany,Right Center Back,289,243,236.47152808819618,0.8408304498269896,0.022589868206933643
Maren Nævdal Mjelde,Norway,Right Center Back,171,151,147.37420224139254,0.8830409356725146,0.021203495664371047
Gaëlle Thalmann,Switzerland,Goalkeeper,69,54,52.590834394055314,0.782608695652174,0.020422689941227312
Carole da Silva Costa,Portugal,Left Center Back,103,88,85.9367944644435,0.8543689320388349,0.020031121704432085
Svenja Huth,Germany,Right Wing,183,136,132.6029556039707,0.7431693989071039,0.018563084131307545
Merle Frohms,Germany,Goalkeeper,137,110,107.68852476518062,0.8029197080291971,0.016872082005980893
Sara Gama,Italy,Right Center Back,81,59,57.66561563815597,0.7283950617283951,0.016473881010420143
Danielle van de Donk,Netherlands,Center Attacking Midfield,130,101,99.01094653979908,0.7769230769230769,0.015300411232314827
María Francesca Caldentey Oliver,Spain,Left Midfield,254,212,208.322836397576,0.8346456692913385,0.014477022056787357
Lieke Martens,Netherlands,Left Wing,95,78,76.62645801216297,0.8210526315789474,0.014458336714073976
Elli Pikkujämsä,Finland,Left Back,71,51,50.01462027894588,0.7183098591549296,0.013878587620480576
Ona Batlle Pascual,Spain,Right Back,296,245,241.25253723531463,0.8277027027027027,0.012660347177991093
Millie Bright,England,Right Center Back,282,238,234.4752453805499,0.8439716312056738,0.01249912985620603
Julie Blakstad,Norway,Left Back,78,64,63.10068427483319,0.8205128205128205,0.011529688784189846
Jill Roord,Netherlands,Center Attacking Midfield,124,106,104.66927055193807,0.8548387096774194,0.010731689097273593
Lena Lattwein,Germany,Center Defensive Midfield,81,63,62.13545246753411,0.7777777777777778,0.010673426326739392
Anna Åsa Olivia Westerlund,Finland,Right Center Back,60,47,46.43282060224485,0.7833333333333333,0.009452989962585761
Aïssatou Tounkara,France,Right Center Back,92,82,81.13187818119569,0.8913043478260869,0.00943610672613376
Marina Georgieva,Austria,Left Center Back,57,44,43.55775843460859,0.7719298245614035,0.007758623954235328
Lucy Bronze,England,Right Back,262,199,197.20981249444642,0.7595419847328244,0.006832776738754091
Chloe Mccarron,Northern Ireland,Right Defensive Midfield,62,53,52.582265634784854,0.8548387096774194,0.006737651051857232
Sheila García Gómez,Spain,Right Midfield,102,89,88.32803208805844,0.8725490196078431,0.006587920705309494
Emma Wilhelmina Koivisto,Finland,Right Back,55,46,45.72992208976941,0.8363636363636363,0.004910507458738025
Ria Öling,Finland,Left Midfield,53,36,35.76499855148679,0.6792452830188679,0.004433989594588868
Maria Thorisdottir,Norway,Left Center Back,104,89,88.623354247224,0.8557692307692307,0.0036215937766922958
Clara Mateo,France,Left Center Midfield,98,75,74.71364079692286,0.7653061224489796,0.0029220326844606724
Felicitas Rauch,Germany,Left Back,172,128,127.7051060006488,0.7441860465116279,0.0017144999962279564
Sari Kees,Belgium,Right Center Back,191,162,161.85240831602079,0.8481675392670157,0.0007727313297341033
Ana Borges,Portugal,Right Back,64,45,44.977328413463795,0.703125,0.00035424353962815354
Valentina Bergamaschi,Italy,Right Midfield,89,63,62.97304445330175,0.7078651685393258,0.0003028713112162904
Sanne Troelsgaard-Nielsen,Denmark,Right Defensive Midfield,68,50,49.981840448425785,0.7352941176470589,0.00026705222903260955
Laia Aleixandri López,Spain,Center Defensive Midfield,74,63,63.013396663350406,0.8513513513513513,-0.00018103599122167886
Justine Vanhaevermaet,Belgium,Right Defensive Midfield,131,99,99.17946472768294,0.7557251908396947,-0.0013699597533049163
Kadidiatou Diani,France,Right Wing,136,107,107.18991168405252,0.7867647058823529,-0.0013964094415625896
Melvine Malard,France,Center Forward,76,58,58.15946597985167,0.7631578947368421,-0.0020982365769956417
Hanna Erica Maria Glas,Sweden,Right Back,109,83,83.46606312143774,0.7614678899082569,-0.0042758084535572515
Joana Filipa Gaspar Silva Marchão,Portugal,Left Back,89,66,66.56479383581058,0.7415730337078652,-0.006345998155174969
Emmi Alanen,Finland,Left Defensive Midfield,116,97,97.79106392096338,0.8362068965517241,-0.006819516560029096
Viola Calligaris,Switzerland,Right Center Back,99,81,81.76272098012846,0.8181818181818182,-0.007704252324529871
Georgia Stanway,England,Right Defensive Midfield,155,128,129.23396884062913,0.8258064516129032,-0.00796108929438155
Sakina Karchaoui,France,Left Back,246,193,195.08873519557082,0.7845528455284553,-0.008490793477930216
Rachel Daly,England,Left Back,211,168,170.19185905017068,0.7962085308056872,-0.010387957583747307
Sandra Paños García-Villamil,Spain,Goalkeeper,56,46,46.613604658234806,0.8214285714285714,-0.010957226039907264
Fridolina Rolfö,Sweden,Left Wing,130,96,97.50972652502024,0.7384615384615385,-0.011613280961694204
Manuela Zinsberger,Austria,Goalkeeper,111,81,82.43732105342474,0.7297297297297297,-0.012948838319141799
Stine Ballisager Pedersen,Denmark,Center Back,128,106,108.29340762470454,0.828125,-0.017917247068004204
Sara Doorsoun-Khajeh,Germany,Left Center Back,61,51,52.149609332590934,0.8360655737704918,-0.01884605463263826
Amanda Ilestedt,Sweden,Right Center Back,179,139,142.4259248525193,0.776536312849162,-0.019139244986141373
Katrine Veje,Denmark,Left Center Back,134,101,103.77488864078555,0.753731343283582,-0.020708124184966762
Rikke Læntver Sevecke,Denmark,Right Center Back,122,90,92.55011201498542,0.7377049180327869,-0.020902557499880448
Ingrid Filippa Angeldal,Sweden,Right Defensive Midfield,129,92,94.96354381457769,0.7131782945736435,-0.022973207864943355
Lina Magull,Germany,Right Center Midfield,130,95,98.40654988903292,0.7307692307692307,-0.026204229915637842
Marion Torrent,France,Right Back,63,42,43.70890209148546,0.6666666666666666,-0.027125430023578825
Charlotte Bilbault,France,Center Defensive Midfield,179,143,148.27163931791497,0.7988826815642458,-0.029450498982765173
Giulia Gwinn,Germany,Right Back,260,185,192.94314509464493,0.7115384615384616,-0.03055055805632672
Laura Feiersinger,Austria,Left Center Midfield,105,80,83.27056497076944,0.7619047619047619,-0.03114823781685177
Linda Dallmann,Germany,Left Center Midfield,95,67,70.46189452672293,0.7052631578947368,-0.03644099501813617
Lena Oberdorf,Germany,Center Defensive Midfield,167,109,115.36185722376496,0.6526946107784432,-0.038094953435718344
Delphine Cascarino,France,Left Wing,172,131,137.56586600780543,0.7616279069767442,-0.038173639580264096
Cristiana Girelli,Italy,Center Forward,52,33,35.006567805600085,0.6346153846153846,-0.03858784241538623
Sara Björk Gunnarsdóttir,Iceland,Left Center Midfield,53,43,45.19798570615034,0.8113207547169812,-0.041471428417930944
Janni Thomsen,Denmark,Right Wing Back,62,38,40.60266781759928,0.6129032258064516,-0.041978513187085245
Tuva Hansen,Norway,Right Back,93,69,72.99397494608839,0.7419354838709677,-0.042945967162240674
Julie Biesmans,Belgium,Left Defensive Midfield,119,97,102.14458169716121,0.8151260504201681,-0.04323177896774133
Sarah Zadrazil,Austria,Right Center Midfield,129,99,104.73411640177594,0.7674418604651163,-0.044450514742449154
Jule Brand,Germany,Left Wing,52,35,37.35867277939785,0.6730769230769231,-0.04535909191149715
Davina Philtjens,Belgium,Left Back,93,64,68.35065356036012,0.6881720430107527,-0.04678122107914101
Coumba Sow,Switzerland,Center Attacking Midfield,76,50,53.56946030415403,0.6578947368421053,-0.04696658294939513
Guðrún Arnardóttir,Iceland,Left Center Back,74,51,54.48790261060007,0.6891891891891891,-0.04713381906216309
Tessa Wullaert,Belgium,Center Forward,151,111,118.1374070339683,0.7350993377483444,-0.04726759625144568
Géraldine Reuteler,Switzerland,Left Midfield,85,65,69.05445488586881,0.7647058823529411,-0.04769946924551533
Pernille Mosegaard Harder,Denmark,Center Forward,82,51,54.91464673513248,0.6219512195121951,-0.04773959433088385
Viktoria Schnaderbeck,Austria,Left Center Back,80,66,69.94583922221597,0.825,-0.04932299027769965
Sofie Junge Pedersen,Denmark,Left Defensive Midfield,100,71,76.17598876970246,0.71,-0.05175988769702457
Sarah Puntigam,Austria,Center Defensive Midfield,135,97,104.6980689188371,0.7185185185185186,-0.05702273273212662
Catarina Amado,Portugal,Right Back,86,55,60.13319380932358,0.6395348837209303,-0.05968830010841374
Sophia Kleinherne,Germany,Left Back,51,37,40.14321341344552,0.7254901960784313,-0.061631635557755395
Karólína Lea Vilhjálmsdóttir,Iceland,Right Wing,71,44,48.43210043634365,0.6197183098591549,-0.06242394980765703
Lauren Hemp,England,Left Wing,118,81,88.68004066497761,0.6864406779661016,-0.06508509038116625
Caroline Graham Hansen,Norway,Center Attacking Midfield,112,80,87.31250494902784,0.7142857142857143,-0.0652902227591771
Barbara Dunst,Austria,Left Midfield,78,44,49.11034568183677,0.5641025641025641,-0.06551725233124066
Hallbera Guðný Gísladóttir,Iceland,Left Back,74,38,42.89054421270536,0.5135135135135135,-0.06608843530682919
Sandy Mändly,Switzerland,Right Center Midfield,79,52,57.530838087349196,0.6582278481012658,-0.07001060870062269
Selma Bacha,France,Left Wing,89,67,73.49801278294802,0.7528089887640449,-0.0730113795836857
Tinne De Caigny,Belgium,Center Attacking Midfield,163,109,120.90754056609804,0.6687116564417178,-0.07305239611103094
Eveliina Summanen,Finland,Right Defensive Midfield,86,57,63.37304382106848,0.6627906976744186,-0.07410516071009854
Guro Reiten,Norway,Left Wing,80,53,58.963334355488676,0.6625,-0.07454167944360846
Sarah Cathryn Ann Robson,Northern Ireland,Center Back,70,48,53.25516016225705,0.6857142857142857,-0.07507371660367207
Laura Wienroither,Austria,Right Back,76,50,55.79502701758935,0.6578947368421053,-0.07625035549459663
Ramona Bachmann,Switzerland,Center Forward,76,51,56.87770242864725,0.6710526315789473,-0.07733818985062164
Kosovare Asllani,Sweden,Right Center Forward,121,82,91.42707885096844,0.6776859504132231,-0.07790974256998708
Andreia Alexandra Norton,Portugal,Right Center Midfield,90,62,69.16525646691355,0.6888888888888889,-0.07961396074348388
Nicole Billa,Austria,Center Forward,79,52,58.33597736697846,0.6582278481012658,-0.0802022451516261
Emma Stina Blackstenius,Sweden,Left Center Forward,61,42,46.89516308198473,0.6885245901639344,-0.08024857511450374
Ella Toone,England,Center Attacking Midfield,113,78,87.26077719256156,0.6902654867256637,-0.08195378046514658
Johanna Rytting-Kaneryd,Sweden,Right Wing,67,44,49.55747612957638,0.6567164179104478,-0.08294740491905042
Alexandra Popp,Germany,Center Forward,87,50,57.37336867264227,0.5747126436781609,-0.08475136405335944
Diana Micaela Abreu de Sousa e Silva,Portugal,Center Attacking Midfield,70,49,55.03415851139541,0.7,-0.08620226444850591
Verena Hanshaw,Austria,Left Back,118,70,80.25413606670266,0.5932203389830508,-0.08689945819239538
Vivianne Miedema,Netherlands,Center Forward,67,46,51.84330926721365,0.6865671641791045,-0.08721357115244253
Klara Bühl,Germany,Left Wing,89,58,65.83710448635713,0.651685393258427,-0.08805735377929365
Eseosa Aigbogun,Switzerland,Left Back,85,48,56.863626835019886,0.5647058823529412,-0.10427796276493984
Jody Vangheluwe,Belgium,Right Back,53,33,38.59158684157513,0.6226415094339622,-0.10550163852028552
Julie Nelson,Northern Ireland,Right Center Back,58,32,38.75056569845022,0.5517241379310345,-0.11638906376638301
Lina Mona Andréa Hurtig,Sweden,Right Wing,54,31,37.77669588684501,0.5740740740740741,-0.12549436827490765
Demi Vance,Northern Ireland,Left Wing Back,51,27,33.419091229527176,0.5294117647058824,-0.12586453391229754
Dagný Brynjarsdóttir,Iceland,Center Defensive Midfield,90,48,59.37455196474441,0.5333333333333333,-0.12638391071938238
Janice Cayman,Belgium,Left Wing,114,64,80.40727837503958,0.5614035087719298,-0.14392349451789102
Ada Stolsmo Hegerberg,Norway,Center Forward,56,35,43.446323290094874,0.625,-0.15082720160883697
Ana-Maria Crnogorčević,Switzerland,Right Midfield,63,38,47.8723234224133,0.6031746031746031,-0.1567035463875128
Elena Dhont,Belgium,Right Wing,68,34,45.897460099364736,0.5,-0.1749626485200696
